{
    "longitude_min": 4.354718857201992,
    "longitude_max": 4.510008597724383,
    "latitude_min": 46.749399589445034,
    "latitude_max": 46.809362157030485
}